{"columns": [{"tableColumnId": 52713059, "name": "Agency", "dataTypeName": "text", "id": 318291426, "cachedContents": {"null": 1, "top": [{"item": "OP", "count": 20}], "non_null": 180015, "largest": "OP", "smallest": "OP"}, "fieldName": "agency", "format": {}, "width": 172, "position": 1, "renderTypeName": "text"}, {"tableColumnId": 52713060, "name": "Create Time", "dataTypeName": "calendar_date", "id": 318291427, "cachedContents": {"null": 1, "top": [{"item": "2011-12-31T23:08:24", "count": 20}, {"item": "2011-12-31T23:08:30", "count": 19}, {"item": "2011-12-31T23:10:58", "count": 18}, {"item": "2011-12-31T23:20:01", "count": 17}, {"item": "2011-12-31T23:25:23", "count": 16}, {"item": "2011-12-31T23:26:50", "count": 15}, {"item": "2011-12-31T23:34:25", "count": 14}, {"item": "2011-12-31T23:34:34", "count": 13}, {"item": "2011-12-31T23:37:00", "count": 12}, {"item": "2011-12-31T23:37:31", "count": 11}, {"item": "2011-12-31T23:38:17", "count": 10}, {"item": "2011-12-31T23:42:38", "count": 9}, {"item": "2011-12-31T23:43:11", "count": 8}, {"item": "2011-12-31T23:43:20", "count": 7}, {"item": "2011-12-31T23:44:32", "count": 6}, {"item": "2011-12-31T23:44:46", "count": 5}, {"item": "2011-12-31T23:48:23", "count": 4}, {"item": "2011-12-31T23:49:01", "count": 3}, {"item": "2011-12-31T23:49:33", "count": 2}, {"item": "2011-12-31T23:51:13", "count": 1}], "non_null": 180015, "largest": "2011-12-31T23:58:08", "smallest": "2011-01-01T00:00:00"}, "fieldName": "create_time", "format": {"view": "default_date_time"}, "width": 232, "position": 2, "renderTypeName": "calendar_date"}, {"tableColumnId": 52713061, "name": "Location", "dataTypeName": "text", "id": 318291428, "cachedContents": {"null": 0, "top": [{"item": "W INTERNATIONAL BLVD ", "count": 20}, {"item": "WB HEGENBERGER RD ", "count": 19}, {"item": "WB AV&FOOTHILL BLVD ", "count": 18}, {"item": "WB FRUITVALE AV ", "count": 17}, {"item": "WB AV&INTERNATIONAL BLVD ", "count": 16}, {"item": "WB 5TH AV ", "count": 15}, {"item": "WB UNION ST ", "count": 14}, {"item": "WB ST  ", "count": 13}, {"item": "WB FAVOR ST ", "count": 12}, {"item": "WB ABBEY ST ", "count": 11}, {"item": "WB GRAND AV ", "count": 10}, {"item": "WB INTERNATIONAL BLVD ", "count": 9}, {"item": "WB GRAND AV&WOOD ST", "count": 8}, {"item": "WB REDWOOD RD&REDWOOD RD", "count": 7}, {"item": "WB 26TH AV ", "count": 6}, {"item": "WERNER 40TH STREET WY", "count": 5}, {"item": "WOOD AV&KEMPTON AV ", "count": 4}, {"item": "WOODSON B ST ", "count": 3}, {"item": "   ", "count": 2}], "non_null": 180016, "largest": " ZORAH ST ", "smallest": "   "}, "fieldName": "location", "format": {}, "width": 196, "position": 3, "renderTypeName": "text"}, {"tableColumnId": 52713062, "name": "Area Id", "dataTypeName": "number", "id": 318291429, "cachedContents": {"null": 904, "average": "1.740648309437670", "non_null": 179112, "largest": "3", "smallest": "1", "sum": "311771", "top": [{"item": "1", "count": 20}, {"item": "2", "count": 19}, {"item": "3", "count": 18}]}, "fieldName": "area_id", "format": {"decimalSeparator": ".", "groupSeparator": ","}, "width": 184, "position": 4, "renderTypeName": "number"}, {"tableColumnId": 52713063, "name": "Beat", "dataTypeName": "text", "id": 318291430, "cachedContents": {"null": 520, "top": [{"item": "06X", "count": 20}, {"item": "08X", "count": 19}, {"item": "26Y", "count": 18}, {"item": "34X", "count": 17}, {"item": "19X", "count": 16}, {"item": "30X", "count": 15}, {"item": "04X", "count": 14}, {"item": "30Y", "count": 13}, {"item": "23X", "count": 12}, {"item": "29X", "count": 11}, {"item": "31Y", "count": 10}, {"item": "27Y", "count": 9}, {"item": "20X", "count": 8}, {"item": "07X", "count": 7}, {"item": "25X", "count": 6}, {"item": "35X", "count": 5}, {"item": "03X", "count": 4}, {"item": "32X", "count": 3}, {"item": "32Y", "count": 2}, {"item": "02Y", "count": 1}], "non_null": 179496, "largest": "PDT2", "smallest": "01X"}, "fieldName": "beat", "format": {}, "width": 148, "position": 5, "renderTypeName": "text"}, {"tableColumnId": 52713064, "name": "Priority", "dataTypeName": "number", "id": 318291431, "cachedContents": {"null": 1, "average": "1.796111435158181", "non_null": 180015, "largest": "2", "smallest": "0", "sum": "323327", "top": [{"item": "1", "count": 20}, {"item": "2", "count": 19}, {"item": "0", "count": 18}]}, "fieldName": "priority", "format": {"decimalSeparator": ".", "groupSeparator": ","}, "width": 196, "position": 6, "renderTypeName": "number"}, {"tableColumnId": 52713065, "name": "Incident Type Id", "dataTypeName": "text", "id": 318291432, "cachedContents": {"null": 1, "top": [{"item": "415GS", "count": 20}, {"item": "415", "count": 19}, {"item": "911H", "count": 18}, {"item": "933R", "count": 17}, {"item": "415C", "count": 16}, {"item": "SECCK", "count": 15}, {"item": "242", "count": 14}, {"item": "10851", "count": 13}, {"item": "5150", "count": 12}, {"item": "243E", "count": 11}, {"item": "949", "count": 10}, {"item": "912", "count": 9}, {"item": "211", "count": 8}, {"item": "HAZ", "count": 7}, {"item": "WELCK", "count": 6}, {"item": "459", "count": 5}, {"item": "245", "count": 4}, {"item": "CODE7", "count": 3}, {"item": "929", "count": 2}, {"item": "415TH", "count": 1}], "non_null": 180015, "largest": "YELALT", "smallest": "107"}, "fieldName": "incident_type_id", "format": {}, "width": 292, "position": 7, "renderTypeName": "text"}, {"tableColumnId": 52713066, "name": "Incident Type Description", "dataTypeName": "text", "id": 318291433, "cachedContents": {"null": 1, "top": [{"item": "415 GUNSHOTS", "count": 20}, {"item": "DISTURBING THE PEACE", "count": 19}, {"item": "911 HANG-UP", "count": 18}, {"item": "ALARM-RINGER", "count": 17}, {"item": "415 UNKNOWN", "count": 16}, {"item": "SECURITY CHECK", "count": 15}, {"item": "BATTERY", "count": 14}, {"item": "STOLEN VEHICLE", "count": 13}, {"item": "BATTERY ON CO-HABITA", "count": 12}, {"item": "MENTALLY ILL", "count": 11}, {"item": "SUSPICIOUS VEHICLE", "count": 10}, {"item": "SUSPICIOUS PERSON", "count": 9}, {"item": "415 FAMILY", "count": 8}, {"item": "ROBBERY", "count": 7}, {"item": "HAZARDOUS SITUATION/", "count": 6}, {"item": "WELFARE CHECK -- CHE", "count": 5}, {"item": "ASSAULT W/DEADLY WEA", "count": 4}, {"item": "BURGLARY", "count": 3}, {"item": "FIRE", "count": 2}, {"item": "415 THREATS", "count": 1}], "non_null": 180015, "largest": "YELLOW ALERT AT THE", "smallest": "21235 MOTORSCOOTER"}, "fieldName": "incident_type_description", "format": {}, "width": 400, "position": 8, "renderTypeName": "text"}, {"tableColumnId": 52713067, "name": "Event Number", "dataTypeName": "text", "id": 318291434, "cachedContents": {"null": 1, "top": [{"item": "LOP111231000982", "count": 20}, {"item": "LOP111231000981", "count": 19}, {"item": "LOP111231000984", "count": 18}, {"item": "LOP111231000992", "count": 17}, {"item": "LOP111231000994", "count": 16}, {"item": "LOP111231000995", "count": 15}, {"item": "LOP111231000999", "count": 14}, {"item": "LOP111231000998", "count": 13}, {"item": "LOP111231001003", "count": 12}, {"item": "LOP111231001002", "count": 11}, {"item": "LOP111231001001", "count": 10}, {"item": "LOP111231001007", "count": 9}, {"item": "LOP111231001005", "count": 8}, {"item": "LOP111231001004", "count": 7}, {"item": "LOP111231001008", "count": 6}, {"item": "LOP111231001006", "count": 5}, {"item": "LOP111231001009", "count": 4}, {"item": "LOP111231001013", "count": 3}, {"item": "LOP111231001010", "count": 2}, {"item": "LOP111231001012", "count": 1}], "non_null": 180015, "largest": "LOP111231001017", "smallest": "LOP110101000001"}, "fieldName": "event_number", "format": {}, "width": 244, "position": 9, "renderTypeName": "text"}, {"tableColumnId": 52713068, "name": "Closed Time", "dataTypeName": "calendar_date", "id": 318291435, "cachedContents": {"null": 7, "top": [{"item": "2012-01-01T01:23:38", "count": 20}, {"item": "2012-01-01T00:13:53", "count": 19}, {"item": "2012-01-01T09:19:44", "count": 18}, {"item": "2012-01-01T01:51:36", "count": 17}, {"item": "2012-01-01T02:43:56", "count": 16}, {"item": "2012-01-01T05:07:14", "count": 15}, {"item": "2012-01-01T08:58:18", "count": 14}, {"item": "2012-01-01T00:22:53", "count": 13}, {"item": "2011-12-31T23:50:35", "count": 12}, {"item": "2012-01-01T01:11:44", "count": 11}, {"item": "2012-01-01T02:41:36", "count": 10}, {"item": "2012-01-01T00:01:15", "count": 9}, {"item": "2012-01-01T00:16:51", "count": 8}, {"item": "2012-01-01T00:45:22", "count": 7}, {"item": "2012-01-01T00:44:22", "count": 6}, {"item": "2012-01-01T01:40:10", "count": 5}, {"item": "2012-01-01T02:30:22", "count": 4}, {"item": "2012-01-01T00:25:03", "count": 3}, {"item": "2012-01-01T02:59:48", "count": 2}], "non_null": 180009, "largest": "2012-01-19T01:14:50", "smallest": "2011-01-01T00:02:28"}, "fieldName": "closed_time", "format": {"view": "default_date_time"}, "width": 232, "position": 10, "renderTypeName": "calendar_date"}], "rowsUpdatedBy": "9e4n-uys4", "publicationStage": "published", "query": {}, "flags": ["default", "restorable", "restorePossibleForType"], "attribution": "Oakland Police Department", "viewType": "tabular", "name": "Records For 2011", "hideFromDataJson": false, "numberOfComments": 0, "createdAt": 1504273590, "metadata": {"availableDisplayTypes": ["table", "fatrow", "page"], "renderTypeConfig": {"visible": {"table": true}}}, "oid": 26707709, "provenance": "official", "publicationAppendEnabled": false, "viewLastModified": 1504273778, "viewCount": 45, "id": "5n5b-epdp", "displayType": "table", "indexUpdatedAt": 1504273786, "tableId": 14436099, "rowsUpdatedAt": 1504273709, "grants": [{"type": "viewer", "inherited": false, "flags": ["public"]}], "tableAuthor": {"type": "interactive", "screenName": "A. Fuller", "id": "9e4n-uys4", "displayName": "A. Fuller", "userSegment": "site_member"}, "licenseId": "PDDL", "license": {"name": "Open Data Commons Public Domain Dedication and License", "termsLink": "http://opendatacommons.org/licenses/pddl/1.0/"}, "downloadCount": 31, "locale": "en_US", "owner": {"type": "interactive", "screenName": "A. Fuller", "id": "9e4n-uys4", "displayName": "A. Fuller", "userSegment": "site_member"}, "newBackend": true, "hideFromCatalog": false, "averageRating": 0, "publicationDate": 1504273778, "tags": ["prr 20055"], "rights": ["read"], "publicationGroup": 14436099, "approvals": [{"reviewedAt": 1504273778, "submitter": {"id": "9e4n-uys4", "displayName": "A. Fuller"}, "state": "approved", "submissionId": 495249, "workflowId": 1504, "reviewedAutomatically": true, "submissionOutcome": "change_audience", "submissionObject": "public_audience_request", "submissionDetails": {"permissionType": "READ"}, "submissionOutcomeApplication": {"status": "success", "failureCount": 0}, "submittedAt": 1504273778}], "totalTimesRated": 0}