{"columns": [{"tableColumnId": 52875029, "name": "Agency", "dataTypeName": "text", "id": 318737798, "cachedContents": {"null": 1, "top": [{"item": "OP", "count": 20}], "non_null": 188051, "largest": "OP", "smallest": "OP"}, "fieldName": "agency", "format": {}, "width": 172, "position": 1, "renderTypeName": "text"}, {"tableColumnId": 52875030, "name": "Create Time", "dataTypeName": "calendar_date", "id": 318737799, "cachedContents": {"null": 1, "top": [{"item": "2013-12-31T22:58:05", "count": 20}, {"item": "2013-12-31T22:58:38", "count": 19}, {"item": "2013-12-31T22:59:34", "count": 18}, {"item": "2013-12-31T23:05:27", "count": 17}, {"item": "2013-12-31T23:05:41", "count": 16}, {"item": "2013-12-31T23:07:40", "count": 15}, {"item": "2013-12-31T23:08:32", "count": 14}, {"item": "2013-12-31T23:11:18", "count": 13}, {"item": "2013-12-31T23:13:52", "count": 12}, {"item": "2013-12-31T23:14:56", "count": 11}, {"item": "2013-12-31T23:16:45", "count": 10}, {"item": "2013-12-31T23:19:00", "count": 9}, {"item": "2013-12-31T23:23:19", "count": 8}, {"item": "2013-12-31T23:23:41", "count": 7}, {"item": "2013-12-31T23:25:32", "count": 6}, {"item": "2013-12-31T23:36:17", "count": 5}, {"item": "2013-12-31T23:36:45", "count": 4}, {"item": "2013-12-31T23:41:41", "count": 3}, {"item": "2013-12-31T23:49:35", "count": 2}, {"item": "2013-12-31T23:50:17", "count": 1}], "non_null": 188051, "largest": "2013-12-31T23:58:32", "smallest": "2013-01-01T00:00:00"}, "fieldName": "create_time", "format": {"view": "default_date_time"}, "width": 232, "position": 2, "renderTypeName": "calendar_date"}, {"tableColumnId": 52875031, "name": "Location ", "dataTypeName": "text", "id": 318737800, "cachedContents": {"null": 0, "top": [{"item": "WB AV&INTERNATIONAL BLVD    ", "count": 20}, {"item": "WB 89TH AV    ", "count": 19}, {"item": "WB MACARTHUR BLVD    ", "count": 18}, {"item": "WB AV&BANCROFT AV    ", "count": 17}, {"item": "WB SEMINARY AV    ", "count": 16}, {"item": "WB 16TH ST    ", "count": 15}, {"item": "WB AV&D ST    ", "count": 14}, {"item": "WB AV&LOCUST ST    ", "count": 13}, {"item": "WB 42ND AV    ", "count": 12}, {"item": "WB LEE ST    ", "count": 11}, {"item": "WB AV&SHATTUCK AV    ", "count": 10}, {"item": "WB PARTRIDGE AV    ", "count": 9}, {"item": "WB AV&MACARTHUR BLVD    ", "count": 8}, {"item": "WB 98TH AV    ", "count": 7}, {"item": "WELDON 43RD ST    ", "count": 6}, {"item": "WEST ALAMEDA AV    ", "count": 5}, {"item": "WHITNEY WARFIELD AV    ", "count": 4}, {"item": "WHITNEY E 16TH ST   ", "count": 3}, {"item": "WHITTLE BLVD&HARRINGTON AV    ", "count": 2}, {"item": "WHITTLE AV&MACARTHUR BLVD    ", "count": 1}], "non_null": 188052, "largest": " ZORAH ST    ", "smallest": "      "}, "fieldName": "location", "format": {}, "width": 208, "position": 3, "renderTypeName": "text"}, {"tableColumnId": 52875032, "name": "Area Id", "dataTypeName": "number", "id": 318737801, "cachedContents": {"null": 2258, "average": "1.433695383058656", "non_null": 185794, "largest": "2", "smallest": "1", "sum": "266372", "top": [{"item": "2", "count": 20}, {"item": "1", "count": 19}]}, "fieldName": "area_id", "format": {"decimalSeparator": ".", "groupSeparator": ","}, "width": 184, "position": 4, "renderTypeName": "number"}, {"tableColumnId": 52875033, "name": "Beat", "dataTypeName": "text", "id": 318737802, "cachedContents": {"null": 1178, "top": [{"item": "29X", "count": 20}, {"item": "26Y", "count": 19}, {"item": "04X", "count": 18}, {"item": "19X", "count": 17}, {"item": "25X", "count": 16}, {"item": "08X", "count": 15}, {"item": "34X", "count": 14}, {"item": "20X", "count": 13}, {"item": "23X", "count": 12}, {"item": "30X", "count": 11}, {"item": "30Y", "count": 10}, {"item": "03X", "count": 9}, {"item": "06X", "count": 8}, {"item": "32X", "count": 7}, {"item": "07X", "count": 6}, {"item": "31Y", "count": 5}, {"item": "27Y", "count": 4}, {"item": "09X", "count": 3}, {"item": "21Y", "count": 2}, {"item": "35X", "count": 1}], "non_null": 186874, "largest": "PDT2", "smallest": "01X"}, "fieldName": "beat", "format": {}, "width": 148, "position": 5, "renderTypeName": "text"}, {"tableColumnId": 52875034, "name": "Priority", "dataTypeName": "number", "id": 318737803, "cachedContents": {"null": 1, "average": "1.770205954767590", "non_null": 188051, "largest": "2", "smallest": "0", "sum": "332889", "top": [{"item": "1", "count": 20}, {"item": "2", "count": 19}, {"item": "0", "count": 18}]}, "fieldName": "priority", "format": {"decimalSeparator": ".", "groupSeparator": ","}, "width": 196, "position": 6, "renderTypeName": "number"}, {"tableColumnId": 52875035, "name": "Incident Type Id", "dataTypeName": "text", "id": 318737804, "cachedContents": {"null": 1, "top": [{"item": "415GS", "count": 20}, {"item": "243E", "count": 19}, {"item": "415C", "count": 18}, {"item": "415", "count": 17}, {"item": "911H", "count": 16}, {"item": "SECCK", "count": 15}, {"item": "242", "count": 14}, {"item": "933R", "count": 13}, {"item": "10851", "count": 12}, {"item": "211", "count": 11}, {"item": "5150", "count": 10}, {"item": "912", "count": 9}, {"item": "949", "count": 8}, {"item": "HAZ", "count": 7}, {"item": "WELCK", "count": 6}, {"item": "415N", "count": 5}, {"item": "459", "count": 4}, {"item": "11500", "count": 3}, {"item": "ASSIST", "count": 2}, {"item": "975", "count": 1}], "non_null": 188051, "largest": "YELALT", "smallest": "10801"}, "fieldName": "incident_type_id", "format": {}, "width": 292, "position": 7, "renderTypeName": "text"}, {"tableColumnId": 52875036, "name": "Incident Type Description", "dataTypeName": "text", "id": 318737805, "cachedContents": {"null": 5, "top": [{"item": "415 GUNSHOTS", "count": 20}, {"item": "BATTERY ON CO-HABITA", "count": 19}, {"item": "415 UNKNOWN", "count": 18}, {"item": "DISTURBING THE PEACE", "count": 17}, {"item": "415 FAMILY", "count": 16}, {"item": "911 HANG-UP", "count": 15}, {"item": "SECURITY CHECK", "count": 14}, {"item": "BATTERY", "count": 13}, {"item": "ALARM-RINGER", "count": 12}, {"item": "STOLEN VEHICLE", "count": 11}, {"item": "ROBBERY", "count": 10}, {"item": "MENTALLY ILL", "count": 9}, {"item": "SUSPICIOUS PERSON", "count": 8}, {"item": "SUSPICIOUS VEHICLE", "count": 7}, {"item": "HAZARDOUS SITUATION/", "count": 6}, {"item": "WELFARE CHECK -- CHE", "count": 5}, {"item": "BURGLARY", "count": 4}, {"item": "DRUG DEALING", "count": 3}, {"item": "FIGHT", "count": 2}, {"item": "415 FIRE CRACKERS", "count": 1}], "non_null": 188047, "largest": "YELLOW ALERT AT THE", "smallest": "21235 MOTORSCOOTER"}, "fieldName": "incident_type_description", "format": {}, "width": 400, "position": 8, "renderTypeName": "text"}, {"tableColumnId": 52875037, "name": "Event Number", "dataTypeName": "text", "id": 318737806, "cachedContents": {"null": 1, "top": [{"item": "LOP131231000873", "count": 20}, {"item": "LOP131231000872", "count": 19}, {"item": "LOP131231000876", "count": 18}, {"item": "LOP131231000886", "count": 17}, {"item": "LOP131231000884", "count": 16}, {"item": "LOP131231000887", "count": 15}, {"item": "LOP131231000890", "count": 14}, {"item": "LOP131231000892", "count": 13}, {"item": "LOP131231000895", "count": 12}, {"item": "LOP131231000897", "count": 11}, {"item": "LOP131231000899", "count": 10}, {"item": "LOP131231000901", "count": 9}, {"item": "LOP131231000908", "count": 8}, {"item": "LOP131231000906", "count": 7}, {"item": "LOP131231000909", "count": 6}, {"item": "LOP131231000916", "count": 5}, {"item": "LOP131231000918", "count": 4}, {"item": "LOP131231000920", "count": 3}, {"item": "LOP131231000932", "count": 2}, {"item": "LOP131231000928", "count": 1}], "non_null": 188051, "largest": "LOP131231000935", "smallest": "LOP130101000002"}, "fieldName": "event_number", "format": {}, "width": 244, "position": 9, "renderTypeName": "text"}, {"tableColumnId": 52875038, "name": "Closed Time", "dataTypeName": "calendar_date", "id": 318737807, "cachedContents": {"null": 2, "top": [{"item": "2014-01-01T09:38:16", "count": 20}, {"item": "2013-12-31T22:59:45", "count": 19}, {"item": "2013-12-31T23:20:02", "count": 18}, {"item": "2014-01-01T03:45:13", "count": 17}, {"item": "2014-01-01T08:20:28", "count": 16}, {"item": "2013-12-31T23:40:17", "count": 15}, {"item": "2013-12-31T23:21:37", "count": 14}, {"item": "2013-12-31T23:40:38", "count": 13}, {"item": "2013-12-31T23:18:01", "count": 12}, {"item": "2014-01-01T02:37:04", "count": 11}, {"item": "2014-01-01T03:54:19", "count": 10}, {"item": "2014-01-01T06:44:20", "count": 9}, {"item": "2014-01-01T00:35:58", "count": 8}, {"item": "2014-01-01T03:48:16", "count": 7}, {"item": "2013-12-31T23:41:41", "count": 6}, {"item": "2014-01-01T01:13:31", "count": 5}, {"item": "2014-01-01T00:42:07", "count": 4}, {"item": "2014-01-01T00:53:34", "count": 3}, {"item": "2013-12-31T23:53:50", "count": 2}, {"item": "2014-01-01T00:24:23", "count": 1}], "non_null": 188050, "largest": "2016-04-25T04:59:30", "smallest": "2013-01-01T00:24:41"}, "fieldName": "closed_time", "format": {"view": "default_date_time"}, "width": 232, "position": 10, "renderTypeName": "calendar_date"}], "rowsUpdatedBy": "9e4n-uys4", "publicationStage": "published", "query": {}, "flags": ["default", "restorable", "restorePossibleForType"], "totalTimesRated": 0, "viewType": "tabular", "name": "Records For 2013", "hideFromDataJson": false, "numberOfComments": 0, "license": {"name": "Open Data Commons Public Domain Dedication and License", "termsLink": "http://opendatacommons.org/licenses/pddl/1.0/"}, "createdAt": 1504623152, "metadata": {"availableDisplayTypes": ["table", "fatrow", "page"], "renderTypeConfig": {"visible": {"table": true}}}, "oid": 26728126, "provenance": "official", "publicationAppendEnabled": false, "viewLastModified": 1504623446, "viewCount": 47, "id": "wb7f-ju26", "displayType": "table", "indexUpdatedAt": 1504623452, "tableId": 14443314, "rowsUpdatedAt": 1504623265, "grants": [{"type": "viewer", "inherited": false, "flags": ["public"]}], "tableAuthor": {"type": "interactive", "screenName": "A. Fuller", "id": "9e4n-uys4", "displayName": "A. Fuller", "userSegment": "site_member"}, "licenseId": "PDDL", "description": "crime statistics, PRR 20055", "downloadCount": 28, "locale": "en_US", "owner": {"type": "interactive", "screenName": "A. Fuller", "id": "9e4n-uys4", "displayName": "A. Fuller", "userSegment": "site_member"}, "newBackend": true, "hideFromCatalog": false, "averageRating": 0, "publicationDate": 1504623446, "tags": ["crime statistics", "prr 20055"], "rights": ["read"], "publicationGroup": 14443314, "approvals": [{"reviewedAt": 1504623446, "submitter": {"id": "9e4n-uys4", "displayName": "A. Fuller"}, "state": "approved", "submissionId": 495257, "workflowId": 1504, "reviewedAutomatically": true, "submissionOutcome": "change_audience", "submissionObject": "public_audience_request", "submissionDetails": {"permissionType": "READ"}, "submissionOutcomeApplication": {"status": "success", "failureCount": 0}, "submittedAt": 1504623446}], "category": "Public Services"}