{"columns": [{"tableColumnId": 53030936, "name": "Agency", "dataTypeName": "text", "id": 319362380, "cachedContents": {"null": 1, "top": [{"item": "OP", "count": 20}], "non_null": 110827, "largest": "OP", "smallest": "OP"}, "fieldName": "agency", "format": {}, "width": 172, "position": 2, "renderTypeName": "text"}, {"tableColumnId": 53030937, "name": "Create Time", "dataTypeName": "calendar_date", "id": 319362381, "cachedContents": {"null": 1, "top": [{"item": "2016-07-31T23:45:50", "count": 20}, {"item": "2016-07-31T23:50:54", "count": 19}, {"item": "2016-07-31T23:56:29", "count": 18}, {"item": "2016-07-31T23:57:31", "count": 17}], "non_null": 110827, "largest": "2016-07-31T23:57:31", "smallest": "2016-01-01T00:00:57"}, "fieldName": "create_time", "format": {"view": "default_date_time"}, "width": 232, "position": 3, "renderTypeName": "calendar_date"}, {"tableColumnId": 53030938, "name": "Location", "dataTypeName": "text", "id": 319362382, "cachedContents": {"null": 0, "top": [{"item": "W AV&INTERNATIONAL BLVD    ", "count": 20}, {"item": "W INTERNATIONAL BLVD    ", "count": 19}, {"item": "WB INTERNATIONAL BLVD    ", "count": 18}, {"item": "WB LAKESHORE AV    ", "count": 17}, {"item": "WB TELEGRAPH AV    ", "count": 16}, {"item": "WB ST&SAN PABLO AV   ", "count": 15}, {"item": "WB GRAND AV    ", "count": 14}, {"item": "WB FRESNO ST    ", "count": 13}, {"item": "WB DR&SERRAMAR DR    ", "count": 12}, {"item": "WB ST&FALLON ST    ", "count": 11}, {"item": "WB FRUITVALE AV    ", "count": 10}, {"item": "WB PIEDMONT AV    ", "count": 9}, {"item": "WB HIGH ST    ", "count": 8}, {"item": "WB AV&INTERNATIONAL BLVD    ", "count": 7}, {"item": "WB AV&SANTA CLARA AV   ", "count": 6}, {"item": "WB AV&FOOTHILL BLVD    ", "count": 5}, {"item": "WB HARRISON ST    ", "count": 4}, {"item": "WB 86TH AV    ", "count": 3}, {"item": "WB ADELINE ST    ", "count": 2}, {"item": "WB FOOTHILL BLVD    ", "count": 1}], "non_null": 110828, "largest": " ZORAH ST    ", "smallest": "      "}, "fieldName": "location", "format": {}, "width": 196, "position": 4, "renderTypeName": "text"}, {"tableColumnId": 53030939, "name": "Area Id", "dataTypeName": "text", "id": 319362383, "cachedContents": {"null": 1, "top": [{"item": "P1", "count": 20}, {"item": "P3", "count": 19}, {"item": "P2", "count": 18}, {"item": "POU", "count": 17}, {"item": "PCW", "count": 16}, {"item": "TEC", "count": 15}, {"item": "JLS", "count": 14}, {"item": "WAG", "count": 13}], "non_null": 110827, "largest": "WAG", "smallest": "JLS"}, "fieldName": "area_id", "format": {}, "width": 184, "position": 5, "renderTypeName": "text"}, {"tableColumnId": 53030940, "name": "Beat", "dataTypeName": "text", "id": 319362384, "cachedContents": {"null": 581, "top": [{"item": "04X", "count": 20}, {"item": "23X", "count": 19}, {"item": "07X", "count": 18}, {"item": "08X", "count": 17}, {"item": "30X", "count": 16}, {"item": "26Y", "count": 15}, {"item": "19X", "count": 14}, {"item": "30Y", "count": 13}, {"item": "03X", "count": 12}, {"item": "27Y", "count": 11}, {"item": "34X", "count": 10}, {"item": "29X", "count": 9}, {"item": "06X", "count": 8}, {"item": "25X", "count": 7}, {"item": "20X", "count": 6}, {"item": "03Y", "count": 5}, {"item": "35X", "count": 4}, {"item": "27X", "count": 3}, {"item": "31Y", "count": 2}, {"item": "33X", "count": 1}], "non_null": 110247, "largest": "PDT2", "smallest": "01X"}, "fieldName": "beat", "format": {}, "width": 148, "position": 6, "renderTypeName": "text"}, {"tableColumnId": 53030941, "name": "Priority", "dataTypeName": "number", "id": 319362385, "cachedContents": {"null": 1, "average": "1.778438467160529", "non_null": 110827, "largest": "2", "smallest": "1", "sum": "197099", "top": [{"item": "2", "count": 20}, {"item": "1", "count": 19}]}, "fieldName": "priority", "format": {"decimalSeparator": ".", "groupSeparator": ","}, "width": 196, "position": 7, "renderTypeName": "number"}, {"tableColumnId": 53030942, "name": "Incident Type Id", "dataTypeName": "text", "id": 319362386, "cachedContents": {"null": 1, "top": [{"item": "933R", "count": 20}, {"item": "415", "count": 19}, {"item": "242", "count": 18}, {"item": "10851", "count": 17}, {"item": "WELCK", "count": 16}, {"item": "415C", "count": 15}, {"item": "912", "count": 14}, {"item": "SECCK", "count": 13}, {"item": "5150", "count": 12}, {"item": "911H", "count": 11}, {"item": "243E", "count": 10}, {"item": "949", "count": 9}, {"item": "HAZ", "count": 8}, {"item": "415GS", "count": 7}, {"item": "415FC", "count": 6}, {"item": "901A", "count": 5}, {"item": "211", "count": 4}, {"item": "245", "count": 3}, {"item": "415CU", "count": 2}, {"item": "933MA", "count": 1}], "non_null": 110827, "largest": "YELALT", "smallest": "10801"}, "fieldName": "incident_type_id", "format": {}, "width": 292, "position": 8, "renderTypeName": "text"}, {"tableColumnId": 53030943, "name": "Incident Type Description", "dataTypeName": "text", "id": 319362387, "cachedContents": {"null": 1, "top": [{"item": "ALARM-RINGER", "count": 20}, {"item": "BATTERY", "count": 19}, {"item": "STOLEN VEHICLE", "count": 18}, {"item": "DISTURBING THE PEACE", "count": 17}, {"item": "WELFARE CHECK -- CHE", "count": 16}, {"item": "415 UNKNOWN", "count": 15}, {"item": "SECURITY CHECK", "count": 14}, {"item": "415 FAMILY", "count": 13}, {"item": "MENTALLY ILL", "count": 12}, {"item": "911 HANG-UP", "count": 11}, {"item": "SUSPICIOUS VEHICLE", "count": 10}, {"item": "BATTERY ON CO-HABITA", "count": 9}, {"item": "SUSPICIOUS PERSON", "count": 8}, {"item": "HAZARDOUS SITUATION/", "count": 7}, {"item": "415 GUNSHOTS", "count": 6}, {"item": "415 FIRE CRACKERS", "count": 5}, {"item": "ROBBERY", "count": 4}, {"item": "ALARM-MANUALLY ACTIV", "count": 3}, {"item": "SIDESHOW", "count": 2}, {"item": "VEHICLE COLLISION-PE", "count": 1}], "non_null": 110827, "largest": "YELLOW ALERT AT THE", "smallest": "21235 MOTORSCOOTER"}, "fieldName": "incident_type_description", "format": {}, "width": 400, "position": 9, "renderTypeName": "text"}, {"tableColumnId": 53030944, "name": "Event Number", "dataTypeName": "text", "id": 319362388, "cachedContents": {"null": 1, "top": [{"item": "LOP160731000892", "count": 20}, {"item": "LOP160731000893", "count": 19}, {"item": "LOP160731000895", "count": 18}, {"item": "LOP160731000897", "count": 17}], "non_null": 110827, "largest": "LOP160731000897", "smallest": "LOP160101000003"}, "fieldName": "event_number", "format": {}, "width": 244, "position": 10, "renderTypeName": "text"}, {"tableColumnId": 53030945, "name": "Closed Time", "dataTypeName": "calendar_date", "id": 319362389, "cachedContents": {"null": 1, "top": [{"item": "2016-07-31T23:58:03", "count": 20}, {"item": "2016-08-01T00:08:00", "count": 19}, {"item": "2016-08-01T01:33:31", "count": 18}, {"item": "2016-08-01T00:16:16", "count": 17}], "non_null": 110827, "largest": "2017-02-02T11:10:10", "smallest": "2016-01-01T00:11:13"}, "fieldName": "closed_time", "format": {"view": "default_date_time"}, "width": 232, "position": 11, "renderTypeName": "calendar_date"}], "rowsUpdatedBy": "9e4n-uys4", "publicationStage": "published", "query": {}, "flags": ["default", "restorable", "restorePossibleForType"], "totalTimesRated": 0, "viewType": "tabular", "name": "Records For 2016", "hideFromDataJson": false, "numberOfComments": 0, "license": {"name": "Open Data Commons Public Domain Dedication and License", "termsLink": "http://opendatacommons.org/licenses/pddl/1.0/"}, "createdAt": 1504897898, "metadata": {"availableDisplayTypes": ["table", "fatrow", "page"], "renderTypeConfig": {"visible": {"table": true}}}, "oid": 26758988, "provenance": "official", "publicationAppendEnabled": false, "viewLastModified": 1504898817, "viewCount": 122, "id": "34sw-6tcv", "displayType": "table", "indexUpdatedAt": 1504898743, "tableId": 14450809, "rowsUpdatedAt": 1504897986, "grants": [{"type": "viewer", "inherited": false, "flags": ["public"]}], "tableAuthor": {"type": "interactive", "screenName": "A. Fuller", "id": "9e4n-uys4", "displayName": "A. Fuller", "userSegment": "site_member"}, "licenseId": "PDDL", "description": "PRR 20055 crime statistics", "downloadCount": 64, "locale": "en_US", "owner": {"type": "interactive", "screenName": "A. Fuller", "id": "9e4n-uys4", "displayName": "A. Fuller", "userSegment": "site_member"}, "newBackend": true, "hideFromCatalog": false, "averageRating": 0, "publicationDate": 1504898817, "rights": ["read"], "publicationGroup": 14450809, "approvals": [{"reviewedAt": 1504898817, "submitter": {"id": "9e4n-uys4", "displayName": "A. Fuller"}, "state": "approved", "submissionId": 495261, "workflowId": 1504, "reviewedAutomatically": true, "submissionOutcome": "change_audience", "submissionObject": "public_audience_request", "submissionDetails": {"permissionType": "READ"}, "submissionOutcomeApplication": {"status": "success", "failureCount": 0}, "submittedAt": 1504898817}], "category": "Public Services"}