{"columns": [{"tableColumnId": 53018156, "name": "Agency", "dataTypeName": "text", "id": 319313529, "cachedContents": {"null": 0, "top": [{"item": "OP", "count": 20}], "non_null": 192581, "largest": "OP", "smallest": "OP"}, "fieldName": "agency", "format": {}, "width": 172, "position": 1, "renderTypeName": "text"}, {"tableColumnId": 53018157, "name": "Create Time", "dataTypeName": "calendar_date", "id": 319313530, "cachedContents": {"null": 0, "top": [{"item": "2015-12-31T23:57:26", "count": 20}, {"item": "2015-12-31T23:57:43", "count": 19}, {"item": "2015-12-31T23:58:11", "count": 18}, {"item": "2015-12-31T23:59:37", "count": 17}], "non_null": 192581, "largest": "2015-12-31T23:59:37", "smallest": "2015-01-01T00:01:59"}, "fieldName": "create_time", "format": {"view": "default_date_time"}, "width": 232, "position": 2, "renderTypeName": "calendar_date"}, {"tableColumnId": 53018158, "name": "Location", "dataTypeName": "text", "id": 319313531, "cachedContents": {"null": 0, "top": [{"item": "W MACARTHUR BLVD    ", "count": 20}, {"item": "WB INTERNATIONAL BLVD    ", "count": 19}, {"item": "WB AV&INTERNATIONAL BLVD    ", "count": 18}, {"item": "WB BROADWAY     ", "count": 17}, {"item": "WB E 27TH ST   ", "count": 16}, {"item": "WB AV&E 9TH ST   ", "count": 15}, {"item": "WB ST&BROADWAY     ", "count": 14}, {"item": "WB ST&SAN PABLO AV   ", "count": 13}, {"item": "WB MARTIN LUTHER KING JR WY ", "count": 12}, {"item": "WB CATRON DR    ", "count": 11}, {"item": "WB HILLMONT DR    ", "count": 10}, {"item": "WB AV&SAN LEANDRO ST   ", "count": 9}, {"item": "WB ST&WASHINGTON ST    ", "count": 8}, {"item": "WB HARBORD DR    ", "count": 7}, {"item": "WB AV&EVERETT AV    ", "count": 6}, {"item": "WB 82ND AV    ", "count": 5}, {"item": "WB EMERSON ST    ", "count": 4}, {"item": "WB 15TH ST    ", "count": 3}, {"item": "WB AV&MONTICELLO AV    ", "count": 2}, {"item": "WB 89TH AV    ", "count": 1}], "non_null": 192581, "largest": " ZORAH ST    ", "smallest": "      "}, "fieldName": "location", "format": {}, "width": 196, "position": 3, "renderTypeName": "text"}, {"tableColumnId": 53018159, "name": "Area Id", "dataTypeName": "text", "id": 319313532, "cachedContents": {"null": 0, "top": [{"item": "P3", "count": 20}, {"item": "P1", "count": 19}, {"item": "P2", "count": 18}, {"item": "POU", "count": 17}, {"item": "PCW", "count": 16}, {"item": "TEC", "count": 15}], "non_null": 192581, "largest": "TEC", "smallest": "P1"}, "fieldName": "area_id", "format": {}, "width": 184, "position": 4, "renderTypeName": "text"}, {"tableColumnId": 53018160, "name": "Beat", "dataTypeName": "text", "id": 319313533, "cachedContents": {"null": 1325, "top": [{"item": "30Y", "count": 20}, {"item": "23X", "count": 19}, {"item": "30X", "count": 18}, {"item": "26Y", "count": 17}, {"item": "04X", "count": 16}, {"item": "08X", "count": 15}, {"item": "25X", "count": 14}, {"item": "34X", "count": 13}, {"item": "06X", "count": 12}, {"item": "29X", "count": 11}, {"item": "19X", "count": 10}, {"item": "07X", "count": 9}, {"item": "03X", "count": 8}, {"item": "31Y", "count": 7}, {"item": "20X", "count": 6}, {"item": "27Y", "count": 5}, {"item": "35X", "count": 4}, {"item": "27X", "count": 3}, {"item": "24X", "count": 2}, {"item": "09X", "count": 1}], "non_null": 191256, "largest": "PDT2", "smallest": "01X"}, "fieldName": "beat", "format": {}, "width": 148, "position": 5, "renderTypeName": "text"}, {"tableColumnId": 53018161, "name": "Priority", "dataTypeName": "number", "id": 319313534, "cachedContents": {"null": 0, "average": "1.779729049075454", "non_null": 192581, "largest": "2", "smallest": "0", "sum": "342742", "top": [{"item": "2", "count": 20}, {"item": "1", "count": 19}, {"item": "0", "count": 18}]}, "fieldName": "priority", "format": {"decimalSeparator": ".", "groupSeparator": ","}, "width": 196, "position": 6, "renderTypeName": "number"}, {"tableColumnId": 53018162, "name": "Incident Type Id", "dataTypeName": "text", "id": 319313535, "cachedContents": {"null": 0, "top": [{"item": "415", "count": 20}, {"item": "415GS", "count": 19}, {"item": "933R", "count": 18}, {"item": "SECCK", "count": 17}, {"item": "911H", "count": 16}, {"item": "243E", "count": 15}, {"item": "415C", "count": 14}, {"item": "10851", "count": 13}, {"item": "242", "count": 12}, {"item": "5150", "count": 11}, {"item": "912", "count": 10}, {"item": "949", "count": 9}, {"item": "WELCK", "count": 8}, {"item": "HAZ", "count": 7}, {"item": "602L", "count": 6}, {"item": "20002", "count": 5}, {"item": "415CU", "count": 4}, {"item": "245", "count": 3}, {"item": "901A", "count": 2}, {"item": "601R", "count": 1}], "non_null": 192581, "largest": "YELALT", "smallest": "107"}, "fieldName": "incident_type_id", "format": {}, "width": 292, "position": 7, "renderTypeName": "text"}, {"tableColumnId": 53018163, "name": "Incident Type Description", "dataTypeName": "text", "id": 319313536, "cachedContents": {"null": 243, "top": [{"item": "DISTURBING THE PEACE", "count": 20}, {"item": "ALARM-RINGER", "count": 19}, {"item": "SECURITY CHECK", "count": 18}, {"item": "911 HANG-UP", "count": 17}, {"item": "BATTERY ON CO-HABITA", "count": 16}, {"item": "415 UNKNOWN", "count": 15}, {"item": "415 FAMILY", "count": 14}, {"item": "STOLEN VEHICLE", "count": 13}, {"item": "BATTERY", "count": 12}, {"item": "MENTALLY ILL", "count": 11}, {"item": "SUSPICIOUS PERSON", "count": 10}, {"item": "SUSPICIOUS VEHICLE", "count": 9}, {"item": "HAZARDOUS SITUATION/", "count": 8}, {"item": "WELFARE CHECK -- CHE", "count": 7}, {"item": "415 GUNSHOTS", "count": 6}, {"item": "TRESPASS:", "count": 5}, {"item": "HIT & RUN (PROPERTY", "count": 4}, {"item": "ASSAULT W/DEADLY WEA", "count": 3}, {"item": "VEHICLE COLLISION-PE", "count": 2}, {"item": "RUNAWAY", "count": 1}], "non_null": 192338, "largest": "YELLOW ALERT AT THE", "smallest": "21235 MOTORSCOOTER"}, "fieldName": "incident_type_description", "format": {}, "width": 400, "position": 8, "renderTypeName": "text"}, {"tableColumnId": 53018164, "name": "Event Number", "dataTypeName": "text", "id": 319313537, "cachedContents": {"null": 0, "top": [{"item": "LOP151231001098", "count": 20}, {"item": "LOP151231001100", "count": 19}, {"item": "LOP151231001102", "count": 18}, {"item": "LOP151231001104", "count": 17}], "non_null": 192581, "largest": "LOP151231001104", "smallest": "LOP150101000003"}, "fieldName": "event_number", "format": {}, "width": 244, "position": 9, "renderTypeName": "text"}, {"tableColumnId": 53018165, "name": "Closed Time", "dataTypeName": "calendar_date", "id": 319313538, "cachedContents": {"null": 0, "top": [{"item": "2016-01-01T01:15:50", "count": 20}, {"item": "2016-01-01T00:13:56", "count": 19}, {"item": "2016-01-01T00:27:40", "count": 18}, {"item": "2016-01-01T00:29:22", "count": 17}], "non_null": 192581, "largest": "2016-12-01T14:35:54", "smallest": "2015-01-01T00:06:18"}, "fieldName": "closed_time", "format": {"view": "default_date_time"}, "width": 232, "position": 10, "renderTypeName": "calendar_date"}], "rowsUpdatedBy": "9e4n-uys4", "publicationStage": "published", "query": {}, "flags": ["default", "restorable", "restorePossibleForType"], "totalTimesRated": 0, "viewType": "tabular", "name": "Records For 2015", "hideFromDataJson": false, "numberOfComments": 0, "license": {"name": "Open Data Commons Public Domain Dedication and License", "termsLink": "http://opendatacommons.org/licenses/pddl/1.0/"}, "createdAt": 1504879541, "metadata": {"availableDisplayTypes": ["table", "fatrow", "page"], "renderTypeConfig": {"visible": {"table": true}}}, "oid": 26757065, "provenance": "official", "publicationAppendEnabled": false, "viewLastModified": 1504886848, "viewCount": 76, "id": "67h3-nsvn", "displayType": "table", "indexUpdatedAt": 1504880202, "tableId": 14450305, "rowsUpdatedAt": 1504879667, "grants": [{"type": "viewer", "inherited": false, "flags": ["public"]}], "tableAuthor": {"type": "interactive", "screenName": "A. Fuller", "id": "9e4n-uys4", "displayName": "A. Fuller", "userSegment": "site_member"}, "licenseId": "PDDL", "description": "PRR 20055", "downloadCount": 38, "locale": "en_US", "owner": {"type": "interactive", "screenName": "A. Fuller", "id": "9e4n-uys4", "displayName": "A. Fuller", "userSegment": "site_member"}, "newBackend": true, "hideFromCatalog": false, "averageRating": 0, "publicationDate": 1504886848, "tags": ["crime statistics"], "rights": ["read"], "publicationGroup": 14450305, "approvals": [{"reviewedAt": 1504886848, "submitter": {"id": "9e4n-uys4", "displayName": "A. Fuller"}, "state": "approved", "submissionId": 495260, "workflowId": 1504, "reviewedAutomatically": true, "submissionOutcome": "change_audience", "submissionObject": "public_audience_request", "submissionDetails": {"permissionType": "READ"}, "submissionOutcomeApplication": {"status": "success", "failureCount": 0}, "submittedAt": 1504886848}], "category": "Public Services"}