{"columns": [{"tableColumnId": 52974576, "name": "Agency", "dataTypeName": "text", "id": 319128759, "cachedContents": {"null": "0", "not_null": "187480", "non_null": 187480, "largest": "OP", "smallest": "OP", "top": [{"item": "OP", "count": "187480"}], "cardinality": "1"}, "fieldName": "agency", "format": {}, "width": 172, "position": 1, "renderTypeName": "text"}, {"tableColumnId": 52974577, "name": "Create Time", "dataTypeName": "calendar_date", "id": 319128760, "cachedContents": {"null": "0", "not_null": "187480", "non_null": 187480, "largest": "2014-12-31T23:59:39.000", "smallest": "2014-01-01T00:00:00.000", "top": [{"item": "2014-10-14T02:45:12.000", "count": "14"}, {"item": "2014-10-14T02:46:45.000", "count": "11"}, {"item": "2014-01-01T00:00:00.000", "count": "4"}, {"item": "2014-09-20T00:00:00.000", "count": "4"}, {"item": "2014-09-21T00:00:00.000", "count": "3"}, {"item": "2014-03-23T00:00:00.000", "count": "3"}, {"item": "2014-11-04T14:39:16.000", "count": "3"}, {"item": "2014-06-27T00:00:00.000", "count": "3"}, {"item": "2014-08-23T00:00:00.000", "count": "3"}, {"item": "2014-11-19T20:39:24.000", "count": "2"}, {"item": "2014-03-23T16:06:16.000", "count": "2"}, {"item": "2014-01-21T12:36:34.000", "count": "2"}, {"item": "2014-11-19T23:47:58.000", "count": "2"}, {"item": "2014-03-07T12:58:02.000", "count": "2"}, {"item": "2014-04-16T20:53:40.000", "count": "2"}, {"item": "2014-12-24T01:09:35.000", "count": "2"}, {"item": "2014-07-24T18:46:32.000", "count": "2"}, {"item": "2014-08-14T20:59:27.000", "count": "2"}, {"item": "2014-01-05T13:30:14.000", "count": "2"}, {"item": "2014-03-03T14:21:57.000", "count": "2"}], "cardinality": "186851"}, "fieldName": "create_time", "format": {"view": "default_date_time"}, "width": 232, "position": 2, "renderTypeName": "calendar_date"}, {"tableColumnId": 52974578, "name": "Area Id", "dataTypeName": "number", "id": 319128761, "cachedContents": {"null": "177787", "not_null": "9693", "average": "1.650159909212834", "non_null": 9693, "largest": "5", "smallest": "1", "sum": "15995", "top": [{"item": "1", "count": "5031"}, {"item": "2", "count": "3898"}, {"item": "5", "count": "320"}, {"item": "4", "count": "236"}, {"item": "3", "count": "208"}], "cardinality": "5"}, "fieldName": "area_id", "format": {"decimalSeparator": ".", "groupSeparator": ","}, "width": 184, "position": 3, "renderTypeName": "number"}, {"tableColumnId": 52974579, "name": "Beat", "dataTypeName": "text", "id": 319128762, "cachedContents": {"null": "1217", "not_null": "186263", "non_null": 186263, "largest": "PDT2", "smallest": "01X", "top": [{"item": "04X", "count": "7868"}, {"item": "08X", "count": "6723"}, {"item": "30X", "count": "5539"}, {"item": "23X", "count": "5485"}, {"item": "30Y", "count": "5454"}, {"item": "26Y", "count": "5377"}, {"item": "19X", "count": "5290"}, {"item": "06X", "count": "4931"}, {"item": "34X", "count": "4865"}, {"item": "03X", "count": "4727"}, {"item": "27Y", "count": "4653"}, {"item": "29X", "count": "4645"}, {"item": "20X", "count": "4639"}, {"item": "07X", "count": "4617"}, {"item": "31Y", "count": "4541"}, {"item": "25X", "count": "4372"}, {"item": "35X", "count": "4240"}, {"item": "27X", "count": "3912"}, {"item": "32X", "count": "3833"}, {"item": "21Y", "count": "3784"}], "cardinality": "58"}, "fieldName": "beat", "format": {}, "width": 148, "position": 4, "renderTypeName": "text"}, {"tableColumnId": 52974580, "name": "Priority", "dataTypeName": "number", "id": 319128763, "cachedContents": {"null": "0", "not_null": "187480", "average": "1.771852997653083", "non_null": 187480, "largest": "2", "smallest": "1", "sum": "332187", "top": [{"item": "2", "count": "144707"}, {"item": "1", "count": "42773"}], "cardinality": "2"}, "fieldName": "priority", "format": {"decimalSeparator": ".", "groupSeparator": ","}, "width": 196, "position": 5, "renderTypeName": "number"}, {"tableColumnId": 52974581, "name": "Incident Type Id", "dataTypeName": "text", "id": 319128764, "cachedContents": {"null": "0", "not_null": "187480", "non_null": 187480, "largest": "YELALT", "smallest": "107", "top": [{"item": "933R", "count": "17799"}, {"item": "SECCK", "count": "13784"}, {"item": "415", "count": "11937"}, {"item": "911H", "count": "9647"}, {"item": "10851", "count": "8894"}, {"item": "5150", "count": "7002"}, {"item": "415C", "count": "5925"}, {"item": "242", "count": "5709"}, {"item": "912", "count": "4799"}, {"item": "243E", "count": "4504"}, {"item": "415GS", "count": "3566"}, {"item": "949", "count": "3417"}, {"item": "WELCK", "count": "3365"}, {"item": "HAZ", "count": "3364"}, {"item": "211", "count": "3147"}, {"item": "901A", "count": "2632"}, {"item": "415TH", "count": "2447"}, {"item": "602L", "count": "2390"}, {"item": "245", "count": "2295"}, {"item": "943", "count": "2188"}], "cardinality": "257"}, "fieldName": "incident_type_id", "format": {}, "width": 292, "position": 6, "renderTypeName": "text"}, {"tableColumnId": 52974582, "name": "Incident Type Description", "dataTypeName": "text", "id": 319128765, "cachedContents": {"null": "141", "not_null": "187339", "non_null": 187339, "largest": "YELLOW ALERT AT THE", "smallest": "21235 MOTORSCOOTER", "top": [{"item": "ALARM-RINGER", "count": "17799"}, {"item": "SECURITY CHECK", "count": "13784"}, {"item": "911 HANG-UP", "count": "9647"}, {"item": "STOLEN VEHICLE", "count": "8894"}, {"item": "MENTALLY ILL", "count": "7002"}, {"item": "DISTURBING THE PEACE", "count": "6851"}, {"item": "415 UNKNOWN", "count": "5925"}, {"item": "BATTERY", "count": "5709"}, {"item": "SUSPICIOUS PERSON", "count": "4799"}, {"item": "BATTERY ON CO-HABITA", "count": "4504"}, {"item": "415 FAMILY", "count": "3923"}, {"item": "415 GUNSHOTS", "count": "3566"}, {"item": "SUSPICIOUS VEHICLE", "count": "3417"}, {"item": "WELFARE CHECK -- CHE", "count": "3365"}, {"item": "HAZARDOUS SITUATION/", "count": "3364"}, {"item": "ROBBERY", "count": "3147"}, {"item": "VEHICLE COLLISION-PE", "count": "2632"}, {"item": "415 THREATS", "count": "2447"}, {"item": "TRESPASS:", "count": "2390"}, {"item": "ASSAULT W/DEADLY WEA", "count": "2295"}], "cardinality": "257"}, "fieldName": "incident_type_description", "format": {}, "width": 400, "position": 7, "renderTypeName": "text"}, {"tableColumnId": 52974583, "name": "Event Number", "dataTypeName": "text", "id": 319128766, "cachedContents": {"null": "0", "not_null": "187480", "non_null": 187480, "largest": "LOP141231001075", "smallest": "LOP140101000001", "top": [{"item": "LOP140116000769", "count": "1"}, {"item": "LOP141005000298", "count": "1"}, {"item": "LOP141006000479", "count": "1"}, {"item": "LOP140510000586", "count": "1"}, {"item": "LOP140828001048", "count": "1"}, {"item": "LOP140326001047", "count": "1"}, {"item": "LOP140703000153", "count": "1"}, {"item": "LOP140628000096", "count": "1"}, {"item": "LOP140806000592", "count": "1"}, {"item": "LOP140210000772", "count": "1"}, {"item": "LOP140206000753", "count": "1"}, {"item": "LOP141215000950", "count": "1"}, {"item": "LOP140220000352", "count": "1"}, {"item": "LOP141004000072", "count": "1"}, {"item": "LOP140223000462", "count": "1"}, {"item": "LOP140313000891", "count": "1"}, {"item": "LOP141116000677", "count": "1"}, {"item": "LOP140227000839", "count": "1"}, {"item": "LOP141210000645", "count": "1"}, {"item": "LOP140717000873", "count": "1"}], "cardinality": "187480"}, "fieldName": "event_number", "format": {}, "width": 244, "position": 8, "renderTypeName": "text"}, {"tableColumnId": 52974584, "name": "Closed Time", "dataTypeName": "calendar_date", "id": 319128767, "cachedContents": {"null": "0", "not_null": "187480", "non_null": 187480, "largest": "2016-03-04T15:51:29.000", "smallest": "2014-01-01T00:01:32.000", "top": [{"item": "2014-06-04T16:31:09.000", "count": "3"}, {"item": "2014-06-20T01:44:34.000", "count": "3"}, {"item": "2014-05-31T20:49:01.000", "count": "2"}, {"item": "2014-12-31T21:20:10.000", "count": "2"}, {"item": "2014-05-03T00:02:04.000", "count": "2"}, {"item": "2014-07-01T21:20:00.000", "count": "2"}, {"item": "2014-07-26T20:23:04.000", "count": "2"}, {"item": "2014-03-01T09:23:07.000", "count": "2"}, {"item": "2014-08-19T16:33:58.000", "count": "2"}, {"item": "2014-06-02T00:16:30.000", "count": "2"}, {"item": "2014-04-27T19:12:58.000", "count": "2"}, {"item": "2014-09-13T16:12:13.000", "count": "2"}, {"item": "2014-11-09T16:48:05.000", "count": "2"}, {"item": "2014-12-23T14:29:41.000", "count": "2"}, {"item": "2014-01-22T20:40:14.000", "count": "2"}, {"item": "2014-06-20T23:22:06.000", "count": "2"}, {"item": "2014-09-03T19:34:16.000", "count": "2"}, {"item": "2014-01-24T19:43:20.000", "count": "2"}, {"item": "2014-10-09T16:20:44.000", "count": "2"}, {"item": "2014-08-12T20:45:18.000", "count": "2"}], "cardinality": "186913"}, "fieldName": "closed_time", "format": {"view": "default_date_time"}, "width": 232, "position": 9, "renderTypeName": "calendar_date"}, {"tableColumnId": 52974585, "name": "Location 1", "dataTypeName": "location", "id": 319128768, "fieldName": "location_1", "format": {}, "width": 220, "position": 10, "renderTypeName": "location"}, {"tableColumnId": 53016953, "name": "Zip Codes", "dataTypeName": "number", "id": 319307562, "fieldName": ":@computed_region_w23w_jfhw", "format": {}, "computationStrategy": {"type": "georegion_match_on_point", "parameters": {"primary_key": "_feature_id", "region": "_w23w-jfhw"}, "source_columns": ["location_1"]}, "position": 15, "renderTypeName": "number"}], "rowsUpdatedBy": "9e4n-uys4", "publicationStage": "published", "query": {}, "flags": ["default", "restorable", "restorePossibleForType"], "viewType": "tabular", "tableId": 14448209, "hideFromDataJson": false, "numberOfComments": 0, "createdAt": 1504789641, "metadata": {"availableDisplayTypes": ["table", "fatrow", "page"], "renderTypeConfig": {"visible": {"table": true}}}, "oid": 26748262, "provenance": "official", "publicationAppendEnabled": false, "viewLastModified": 1555990679, "viewCount": 55, "id": "sbnx-mm73", "displayType": "table", "indexUpdatedAt": 1507059162, "name": "Records For 2014", "rowsUpdatedAt": 1507059054, "tableAuthor": {"type": "interactive", "screenName": "A. Fuller", "id": "9e4n-uys4", "displayName": "A. Fuller", "userSegment": "site_member"}, "grants": [{"type": "viewer", "inherited": false, "flags": ["public"]}], "downloadCount": 32, "locale": "en_US", "owner": {"type": "interactive", "screenName": "A. Fuller", "id": "9e4n-uys4", "displayName": "A. Fuller", "userSegment": "site_member"}, "newBackend": true, "hideFromCatalog": false, "averageRating": 0, "publicationDate": 1504877850, "rights": ["read"], "publicationGroup": 14448209, "approvals": [{"reviewedAt": 1504877850, "submitter": {"id": "9e4n-uys4", "displayName": "A. Fuller"}, "state": "approved", "submissionId": 495259, "workflowId": 1504, "reviewedAutomatically": true, "submissionOutcome": "change_audience", "submissionObject": "public_audience_request", "submissionDetails": {"permissionType": "READ"}, "submissionOutcomeApplication": {"status": "success", "failureCount": 0}, "submittedAt": 1504877850}], "totalTimesRated": 0}