{"columns": [{"tableColumnId": 52713615, "name": "Agency", "dataTypeName": "text", "id": 318292220, "cachedContents": {"null": "1", "not_null": "187430", "non_null": 187430, "largest": "OP", "smallest": "OP", "top": [{"item": "OP", "count": "187430"}], "cardinality": "1"}, "fieldName": "agency", "format": {}, "width": 172, "position": 1, "renderTypeName": "text"}, {"tableColumnId": 52713616, "name": "Create Time", "dataTypeName": "calendar_date", "id": 318292221, "cachedContents": {"null": "1", "not_null": "187430", "non_null": 187430, "largest": "2012-12-31T23:57:50.000", "smallest": "2012-01-01T00:00:25.000", "top": [{"item": "2012-06-26T00:00:00.000", "count": "8"}, {"item": "2012-05-07T00:00:00.000", "count": "7"}, {"item": "2012-04-02T00:00:00.000", "count": "3"}, {"item": "2012-06-04T00:00:00.000", "count": "3"}, {"item": "2012-11-05T00:00:00.000", "count": "3"}, {"item": "2012-06-15T13:42:04.000", "count": "3"}, {"item": "2012-06-30T00:00:00.000", "count": "3"}, {"item": "2012-08-10T12:24:31.000", "count": "3"}, {"item": "2012-12-02T00:00:00.000", "count": "3"}, {"item": "2012-10-04T19:53:31.000", "count": "3"}, {"item": "2012-09-17T22:18:07.000", "count": "2"}, {"item": "2012-07-04T08:32:48.000", "count": "2"}, {"item": "2012-12-18T00:16:05.000", "count": "2"}, {"item": "2012-06-25T02:38:21.000", "count": "2"}, {"item": "2012-06-11T21:35:31.000", "count": "2"}, {"item": "2012-10-11T20:06:01.000", "count": "2"}, {"item": "2012-01-22T04:09:06.000", "count": "2"}, {"item": "2012-07-28T12:51:18.000", "count": "2"}, {"item": "2012-04-11T20:27:37.000", "count": "2"}, {"item": "2012-10-03T14:42:15.000", "count": "2"}], "cardinality": "186801"}, "fieldName": "create_time", "format": {"view": "default_date_time"}, "width": 232, "position": 2, "renderTypeName": "calendar_date"}, {"tableColumnId": 52713617, "name": "Area Id", "dataTypeName": "number", "id": 318292222, "cachedContents": {"null": "1415", "not_null": "186016", "average": "1.456751032169276", "non_null": 186016, "largest": "2", "smallest": "1", "sum": "270979", "top": [{"item": "1", "count": "101053"}, {"item": "2", "count": "84963"}], "cardinality": "2"}, "fieldName": "area_id", "format": {"decimalSeparator": ".", "groupSeparator": ","}, "width": 184, "position": 3, "renderTypeName": "number"}, {"tableColumnId": 52713618, "name": "Beat", "dataTypeName": "text", "id": 318292223, "cachedContents": {"null": "984", "not_null": "186447", "non_null": 186447, "largest": "PDT2", "smallest": "01X", "top": [{"item": "04X", "count": "8088"}, {"item": "08X", "count": "6691"}, {"item": "30Y", "count": "5529"}, {"item": "26Y", "count": "5374"}, {"item": "23X", "count": "5301"}, {"item": "19X", "count": "5158"}, {"item": "30X", "count": "4988"}, {"item": "34X", "count": "4965"}, {"item": "20X", "count": "4682"}, {"item": "06X", "count": "4676"}, {"item": "29X", "count": "4606"}, {"item": "25X", "count": "4396"}, {"item": "03X", "count": "4380"}, {"item": "35X", "count": "4291"}, {"item": "07X", "count": "4235"}, {"item": "31Y", "count": "3975"}, {"item": "09X", "count": "3845"}, {"item": "32X", "count": "3836"}, {"item": "21Y", "count": "3822"}, {"item": "27Y", "count": "3701"}], "cardinality": "58"}, "fieldName": "beat", "format": {}, "width": 148, "position": 4, "renderTypeName": "text"}, {"tableColumnId": 52713619, "name": "Priority", "dataTypeName": "number", "id": 318292224, "cachedContents": {"null": "1", "not_null": "187430", "average": "1.776311156164968", "non_null": 187430, "largest": "2", "smallest": "1", "sum": "332934", "top": [{"item": "2", "count": "145504"}, {"item": "1", "count": "41926"}], "cardinality": "2"}, "fieldName": "priority", "format": {"decimalSeparator": ".", "groupSeparator": ","}, "width": 196, "position": 5, "renderTypeName": "number"}, {"tableColumnId": 52713620, "name": "Incident Type Id", "dataTypeName": "text", "id": 318292225, "cachedContents": {"null": "1", "not_null": "187430", "non_null": 187430, "largest": "WIT", "smallest": "107", "top": [{"item": "933R", "count": "17216"}, {"item": "SECCK", "count": "11488"}, {"item": "415", "count": "11158"}, {"item": "911H", "count": "10585"}, {"item": "10851", "count": "8208"}, {"item": "415C", "count": "6081"}, {"item": "5150", "count": "5515"}, {"item": "242", "count": "5206"}, {"item": "912", "count": "4960"}, {"item": "415GS", "count": "4483"}, {"item": "243E", "count": "4474"}, {"item": "211", "count": "3943"}, {"item": "949", "count": "3469"}, {"item": "HAZ", "count": "3133"}, {"item": "WELCK", "count": "2861"}, {"item": "602L", "count": "2547"}, {"item": "245", "count": "2507"}, {"item": "20002", "count": "2479"}, {"item": "11500", "count": "2370"}, {"item": "459", "count": "2269"}], "cardinality": "256"}, "fieldName": "incident_type_id", "format": {}, "width": 292, "position": 6, "renderTypeName": "text"}, {"tableColumnId": 52713621, "name": "Incident Type Description", "dataTypeName": "text", "id": 318292226, "cachedContents": {"null": "1", "not_null": "187430", "non_null": 187430, "largest": "WITNESS", "smallest": "21235 MOTORSCOOTER", "top": [{"item": "ALARM-RINGER", "count": "17216"}, {"item": "SECURITY CHECK", "count": "11488"}, {"item": "911 HANG-UP", "count": "10585"}, {"item": "STOLEN VEHICLE", "count": "8208"}, {"item": "415 UNKNOWN", "count": "6081"}, {"item": "DISTURBING THE PEACE", "count": "6016"}, {"item": "MENTALLY ILL", "count": "5515"}, {"item": "BATTERY", "count": "5206"}, {"item": "SUSPICIOUS PERSON", "count": "4960"}, {"item": "415 GUNSHOTS", "count": "4483"}, {"item": "BATTERY ON CO-HABITA", "count": "4474"}, {"item": "ROBBERY", "count": "3943"}, {"item": "415 FAMILY", "count": "3708"}, {"item": "SUSPICIOUS VEHICLE", "count": "3469"}, {"item": "HAZARDOUS SITUATION/", "count": "3133"}, {"item": "WELFARE CHECK -- CHE", "count": "2861"}, {"item": "TRESPASS:", "count": "2547"}, {"item": "ASSAULT W/DEADLY WEA", "count": "2507"}, {"item": "HIT & RUN (PROPERTY", "count": "2479"}, {"item": "DRUG DEALING", "count": "2370"}], "cardinality": "258"}, "fieldName": "incident_type_description", "format": {}, "width": 400, "position": 7, "renderTypeName": "text"}, {"tableColumnId": 52713622, "name": "Event Number", "dataTypeName": "text", "id": 318292227, "cachedContents": {"null": "1", "not_null": "187430", "non_null": 187430, "largest": "LOP121231000964", "smallest": "LOP120101000003", "top": [{"item": "LOP120813000970", "count": "1"}, {"item": "LOP120610000204", "count": "1"}, {"item": "LOP120708000661", "count": "1"}, {"item": "LOP120406000705", "count": "1"}, {"item": "LOP120724000645", "count": "1"}, {"item": "LOP120729000410", "count": "1"}, {"item": "LOP120902000665", "count": "1"}, {"item": "LOP120403000993", "count": "1"}, {"item": "LOP120629000523", "count": "1"}, {"item": "LOP121030001000", "count": "1"}, {"item": "LOP121020000739", "count": "1"}, {"item": "LOP120531000281", "count": "1"}, {"item": "LOP120602000763", "count": "1"}, {"item": "LOP120528000314", "count": "1"}, {"item": "LOP120613000390", "count": "1"}, {"item": "LOP120723000923", "count": "1"}, {"item": "LOP120130000207", "count": "1"}, {"item": "LOP120927000808", "count": "1"}, {"item": "LOP120323000743", "count": "1"}, {"item": "LOP120615001072", "count": "1"}], "cardinality": "187430"}, "fieldName": "event_number", "format": {}, "width": 244, "position": 8, "renderTypeName": "text"}, {"tableColumnId": 52713623, "name": "Closed Time", "dataTypeName": "calendar_date", "id": 318292228, "cachedContents": {"null": "19", "not_null": "187412", "non_null": 187412, "largest": "2013-07-28T09:50:06.000", "smallest": "2012-01-01T00:05:35.000", "top": [{"item": "2012-07-10T17:05:19.000", "count": "2"}, {"item": "2012-04-18T14:07:18.000", "count": "2"}, {"item": "2012-09-04T16:48:50.000", "count": "2"}, {"item": "2012-03-04T00:12:31.000", "count": "2"}, {"item": "2012-04-14T05:59:45.000", "count": "2"}, {"item": "2012-03-11T19:40:07.000", "count": "2"}, {"item": "2012-01-24T13:59:56.000", "count": "2"}, {"item": "2012-06-16T20:56:06.000", "count": "2"}, {"item": "2012-07-16T10:30:58.000", "count": "2"}, {"item": "2012-04-30T00:51:13.000", "count": "2"}, {"item": "2012-12-11T17:29:02.000", "count": "2"}, {"item": "2012-04-09T16:43:54.000", "count": "2"}, {"item": "2012-05-27T01:38:56.000", "count": "2"}, {"item": "2012-03-16T18:25:15.000", "count": "2"}, {"item": "2012-11-10T20:57:27.000", "count": "2"}, {"item": "2012-04-12T04:13:00.000", "count": "2"}, {"item": "2012-02-20T23:35:56.000", "count": "2"}, {"item": "2012-06-11T23:22:22.000", "count": "2"}, {"item": "2012-06-29T14:38:33.000", "count": "2"}, {"item": "2012-12-06T15:00:10.000", "count": "2"}], "cardinality": "186874"}, "fieldName": "closed_time", "format": {"view": "default_date_time"}, "width": 232, "position": 9, "renderTypeName": "calendar_date"}, {"tableColumnId": 52713624, "name": "Location 1", "dataTypeName": "location", "id": 318292229, "fieldName": "location_1", "format": {}, "width": 220, "position": 10, "renderTypeName": "location"}, {"tableColumnId": 52735717, "name": "Zip Codes", "dataTypeName": "number", "id": 318378296, "fieldName": ":@computed_region_w23w_jfhw", "format": {}, "computationStrategy": {"type": "georegion_match_on_point", "parameters": {"primary_key": "_feature_id", "region": "_w23w-jfhw"}, "source_columns": ["location_1"]}, "position": 15, "renderTypeName": "number"}], "rowsUpdatedBy": "9e4n-uys4", "publicationDate": 1504305617, "query": {}, "flags": ["default", "restorable", "restorePossibleForType"], "totalTimesRated": 0, "attribution": "Oakland Police Department", "viewType": "tabular", "name": "Records For 2012", "hideFromDataJson": false, "numberOfComments": 0, "createdAt": 1504274417, "metadata": {"availableDisplayTypes": ["table", "fatrow", "page"], "renderTypeConfig": {"visible": {"table": true}}}, "oid": 26707741, "provenance": "official", "publicationAppendEnabled": false, "viewLastModified": 1555990500, "viewCount": 63, "id": "j862-c4uv", "displayType": "table", "indexUpdatedAt": 1504301099, "tableId": 14436120, "rowsUpdatedAt": 1504300987, "grants": [{"type": "viewer", "inherited": false, "flags": ["public"]}], "tableAuthor": {"type": "interactive", "screenName": "A. Fuller", "id": "9e4n-uys4", "displayName": "A. Fuller", "userSegment": "site_member"}, "licenseId": "PDDL", "license": {"name": "Open Data Commons Public Domain Dedication and License", "termsLink": "http://opendatacommons.org/licenses/pddl/1.0/"}, "downloadCount": 31, "locale": "en_US", "owner": {"type": "interactive", "screenName": "A. Fuller", "id": "9e4n-uys4", "displayName": "A. Fuller", "userSegment": "site_member"}, "newBackend": true, "hideFromCatalog": false, "category": "Public Services", "publicationStage": "published", "tags": ["prr 20055"], "rights": ["read"], "publicationGroup": 14436120, "approvals": [{"reviewedAt": 1504305617, "submitter": {"id": "9e4n-uys4", "displayName": "A. Fuller"}, "state": "approved", "submissionId": 495250, "workflowId": 1504, "reviewedAutomatically": true, "submissionOutcome": "change_audience", "submissionObject": "public_audience_request", "submissionDetails": {"permissionType": "READ"}, "submissionOutcomeApplication": {"status": "success", "failureCount": 0}, "submittedAt": 1504305617}], "averageRating": 0}